1,Prowels,2024-01-17,10:37:00,1
2,Opping,2024-01-17,11:55:11,1
3,Prowels,2024-01-17,19:05:12,2
4,Prowels,2024-01-17,19:39:45,1
5,Opping,2024-01-17,22:59:22,2
6,Prowels,2024-01-17,22:59:47,2
7,Prowels,2024-01-18,12:15:23,1
8,Prowels,2024-01-18,12:35:12,2
9,Prowels,2024-01-18,13:01:45,1
10,Prowels,2024-01-18,23:01:37,2
11,Pormissina,2024-01-19,10:10:10,1
12,Pormissina,2024-01-19,10:55:14,2
13,Pormissina,2024-01-19,11:01:47,1
14,Prowels,2024-01-19,11:12:13,1
15,Pormissina,2024-01-19,16:40:12,2
16,Pormissina,2024-01-19,16:46:23,1
17,Pormissina,2024-01-19,18:12:38,2
18,Prowels,2024-01-19,21:18:56,2
19,Pormissina,2024-02-01,10:20:12,1
20,Cadishow,2024-02-01,16:20:00,1
21,Cadishow,2024-02-01,19:45:14,2
22,Pormissina,2024-02-01,23:36:16,2